category_id,category_name,item_sales,units,sold_items,returned_items,refund_amount,excess_refund_items,orders,item_return_rate,sales_share
5,Cat_5,136704132,53906,21429,1025,2663885,268,20661,0.047832376685799614,0.035714001697838824
3,Cat_3,135379339,52985,21177,1009,2597091,235,20463,0.04764603107144544,0.03536789906905153
21,Cat_21,135329061,52674,21066,1058,2760324,272,20367,0.05022310832621286,0.035354763924187266
26,Cat_26,134697069,52526,21129,1070,2775903,266,20397,0.05064129868900563,0.035189655795919275
12,Cat_12,133897588,52804,21080,1046,2706184,256,20378,0.04962049335863378,0.034980791108556425
28,Cat_28,133603891,52329,20957,1025,2653471,250,20254,0.048909672185904474,0.034904062665873724
8,Cat_8,132816590,52215,20950,1045,2662008,283,20232,0.04988066825775656,0.03469838000771742
9,Cat_9,132465085,52270,20909,1025,2649451,251,20221,0.04902195226935769,0.03460654920506985
13,Cat_13,132409449,51867,20746,987,2552311,240,20015,0.04757543622867059,0.03459201428085512
17,Cat_17,132292751,51886,20763,975,2478921,242,20039,0.04695853200404566,0.0345615268880517
10,Cat_10,130541445,51032,20312,1011,2640222,283,19667,0.04977353288696337,0.03410399759071169
16,Cat_16,129764814,51307,20618,1037,2673051,259,19896,0.05029585798816568,0.03390110247374044
11,Cat_11,129692788,50776,20300,1068,2778028,242,19607,0.052610837438423645,0.03388228565636517
6,Cat_6,129309749,50824,20350,949,2492607,266,19679,0.04663390663390663,0.03378221658532686
15,Cat_15,128354546,50556,20219,960,2484935,259,19559,0.04748009298184876,0.03353266947168306
25,Cat_25,127557740,49812,19825,896,2356322,231,19165,0.04519546027742749,0.033324503628994064
30,Cat_30,127316143,49521,19853,956,2473799,239,19220,0.048153931395758826,0.033261386329304886
4,Cat_4,126683191,49343,19685,933,2401602,222,19061,0.04739649479298959,0.033096027400705344
22,Cat_22,126567395,49234,19760,960,2494447,251,19117,0.048582995951417005,0.03306577565571344
20,Cat_20,126434094,49638,19913,958,2533280,248,19285,0.04810927534776277,0.03303095072342593
27,Cat_27,125610068,49372,19704,937,2495756,246,19066,0.04755379618351604,0.03281567364633609
19,Cat_19,125439819,48809,19499,972,2581118,285,18871,0.04984871019026617,0.032771196036288024
18,Cat_18,122830679,48257,19406,943,2435230,249,18815,0.04859321859218798,0.03208955731018208
29,Cat_29,122143415,47826,19170,927,2419926,248,18584,0.04835680751173709,0.031910009352825064
24,Cat_24,121605160,47403,18930,951,2476488,211,18380,0.05023771790808241,0.031769390048180565
7,Cat_7,120955964,47581,18982,949,2461023,252,18419,0.04999473185122748,0.03159978736897091
14,Cat_14,119279003,46960,18689,958,2445521,238,18132,0.05126009952378405,0.031161680728557073
1,Cat_1,118898915,46782,18718,914,2340884,254,18145,0.04883000320547067,0.031062382607287935
23,Cat_23,117133042,45869,18243,902,2329816,221,17724,0.049443622211259114,0.030601047676166997
2,Cat_2,112033211,44154,17618,805,2148696,231,17118,0.04569190600522193,0.029268715066113254
