month,order_headers,sales_backed_orders,item_sales,units,ordering_customers,returned_orders,refund_amount,payments,aov_sales_backed,order_return_rate,sales_share,complete_calendar_month,yoy_sales_change
2020-01,6418,5560,82204655,32142,6028,565,1531003,64077631,14785.009892086331,0.10161870503597123,0.02147599450937046,True,
2020-02,5996,5199,75794816,29523,5661,551,1523351,59379977,14578.729755722254,0.10598191959992306,0.019801421856885652,True,
2020-03,6392,5545,82462951,32195,6010,562,1525394,64144371,14871.587195671776,0.10135256988277727,0.02154347442857689,True,
2020-04,6208,5370,78006033,30710,5838,588,1612132,63265233,14526.26312849162,0.10949720670391061,0.020379103061812873,True,
2020-05,6390,5534,81583526,31968,6011,612,1728587,64166066,14742.23455005421,0.11058908565233104,0.021313724343604172,True,
2020-06,6131,5325,77776543,30430,5788,551,1486223,61348720,14605.923568075117,0.10347417840375586,0.020319148720055035,True,
2020-07,6464,5570,82868115,32375,6084,642,1792649,65303593,14877.578994614003,0.11526032315978456,0.021649323663506404,True,
2020-08,6377,5526,80465611,31875,5971,606,1602627,63989025,14561.275968150561,0.10966340933767643,0.021021668663765324,True,
2020-09,6038,5217,77113009,30336,5664,550,1581796,61121109,14781.10197431474,0.10542457350967989,0.020145800233393536,True,
2020-10,6413,5512,79518804,31470,6017,581,1566051,64509099,14426.488388969521,0.10540638606676342,0.02077431500802121,True,
2020-11,6145,5288,78424148,30605,5771,565,1477180,61511953,14830.587745839637,0.10684568835098336,0.02048833574996521,True,
2020-12,6360,5535,83415848,32353,5991,580,1546583,64614136,15070.613911472448,0.10478771454381211,0.021792419098924275,True,
2021-01,6269,5390,79751544,31198,5905,594,1682597,62439990,14796.204823747681,0.11020408163265306,0.02083511841340149,True,-0.02984150958361176
2021-02,5719,4949,72469043,28510,5409,545,1517780,57004515,14643.168923014751,0.11012325722368155,0.018932562512029665,True,-0.04387863412716775
2021-03,6341,5487,82273371,32110,5948,602,1607848,64409529,14994.235647895024,0.10971386914525241,0.02149394658810257,True,-0.002298971813414763
2021-04,6147,5307,78000927,30564,5757,554,1500852,61702863,14697.743923120406,0.1043904277369512,0.02037776911754944,True,-6.545647565492363e-05
2021-05,6204,5422,78405406,31086,5852,571,1561085,61960722,14460.606049428256,0.10531169310217632,0.020483439395992377,True,-0.03895541362112742
2021-06,6122,5308,79352194,30948,5773,591,1599180,61280955,14949.546721929164,0.1113413715146948,0.02073078808797993,True,0.020258691621199976
2021-07,6313,5458,81020484,31876,5886,582,1588303,64664200,14844.353975815317,0.10663246610480029,0.021166629426649104,True,-0.02229604233184257
2021-08,6233,5337,78779679,30897,5848,612,1666408,63026629,14761.041596402474,0.11467116357504216,0.020581218346503217,True,-0.02095220528431707
2021-09,6148,5313,78940461,30893,5796,580,1596243,62633402,14857.982495765105,0.10916619612271786,0.02062322269953171,True,0.023698361971583815
2021-10,6333,5479,81023800,31818,5966,587,1591907,63936725,14788.063515240008,0.1071363387479467,0.021167495732794334,True,0.018926290692198977
2021-11,6143,5259,77095645,30300,5794,577,1560003,61140191,14659.753755466818,0.1097166761741776,0.020141263882396614,True,-0.016939973641792117
2021-12,6354,5531,82914514,32312,5981,596,1661032,63137104,14990.87217501356,0.1077562827698427,0.021661445418280998,True,-0.006010056985814027
2022-01,6415,5536,80379844,31573,6012,580,1653568,64186590,14519.48049132948,0.10476878612716763,0.020999262005394394,True,0.007878217379716279
2022-02,5671,4918,72023974,28365,5352,502,1362073,57126291,14644.97234648231,0.10207401382675885,0.018816288082068356,True,-0.006141505138959835
2022-03,6382,5470,81588261,31889,5999,635,1724100,63768432,14915.58702010969,0.11608775137111517,0.021314961363989474,True,-0.008327238712511287
2022-04,6113,5250,76423546,30164,5758,545,1463001,62159207,14556.865904761904,0.10380952380952381,0.019965677786527063,True,-0.02022259299559348
2022-05,6398,5541,81921889,32374,6028,632,1706764,64686814,14784.675870781448,0.11405883414546111,0.02140212179421295,True,0.044850006898758954
2022-06,6167,5283,78930465,30762,5823,582,1595010,61645061,14940.462805224304,0.11016467915956843,0.02062061124107944,True,-0.0053146482629075065
2022-07,6393,5532,83043328,32385,6000,585,1554313,64702676,15011.447577729574,0.10574837310195227,0.021695098120268864,True,0.024967068821756255
2022-08,6204,5342,78727963,30883,5827,606,1680858,63606065,14737.544552602021,0.11344065892923999,0.020567707523642315,True,-0.000656463705570598
2022-09,6299,5480,79557886,30958,5930,547,1502878,63152967,14517.862408759123,0.09981751824817518,0.02078452519401877,True,0.007821400992324978
2022-10,6454,5632,83292519,32347,6046,529,1490490,64358887,14789.154651988636,0.09392755681818182,0.02176019935508074,True,0.028000649191965765
2022-11,6237,5346,79454766,31176,5868,595,1653698,62896619,14862.470258136926,0.11129816685372242,0.02075758505840472,True,0.03059992558593949
2022-12,6391,5488,82363206,32134,6000,587,1554646,65068781,15007.872813411079,0.10696064139941691,0.021517416012878446,True,-0.006649113326528067
2023-01,6369,5491,82175738,32031,5999,609,1632603,64088637,14965.532325623748,0.11090875978874522,0.021468439933133538,True,0.022342591259570055
2023-02,5769,4968,74308511,29087,5447,542,1530963,57733826,14957.429750402576,0.10909822866344605,0.01941312416231775,True,0.03171911897002522
2023-03,6402,5493,80005983,31363,6002,553,1519471,64733243,14565.079737848171,0.10067358456217003,0.020901590690025843,True,-0.019393451712373166
2023-04,6142,5284,77292300,30598,5815,560,1551129,61484617,14627.611657834974,0.10598031794095382,0.02019264006906439,True,0.011367622224700336
2023-05,6450,5543,82046872,32247,6085,630,1750444,64578457,14801.88922965903,0.11365686451380119,0.021434773646127718,True,0.0015256362069482332
2023-06,6136,5299,78278811,30668,5796,530,1480149,62103670,14772.374221551236,0.10001887148518589,0.02045036640852088,True,-0.008256051703230183
2023-07,6369,5531,81222390,31977,5992,550,1453447,63746696,14684.937624299404,0.09943952269029109,0.02121937743888039,True,-0.02192756533071505
2023-08,6344,5510,81904810,32098,5961,613,1697239,64115407,14864.756805807623,0.11125226860254084,0.021397659899564457,True,0.04035220624214553
2023-09,6166,5309,78995601,31146,5818,628,1673758,61485128,14879.56319457525,0.11828969674138255,0.020637628043575145,True,-0.0070676211783706755
2023-10,6350,5547,82382168,32144,5939,583,1599889,64334639,14851.661799170723,0.10510185685956373,0.02152236984192726,True,-0.010929564994906715
2023-11,6182,5349,78381250,30695,5814,540,1486759,61976250,14653.439895307534,0.10095344924284913,0.02047712863264974,True,-0.013511033435049113
2023-12,6344,5495,80905468,31990,5944,566,1480585,63541636,14723.470063694267,0.1030027297543221,0.02113658145692659,True,-0.017698898219187797
2024-01,195,175,2477460,970,194,19,57651,2032476,14156.914285714285,0.10857142857142857,0.0006472372806282679,False,
