promotion_id,discount,order_headers,sales_backed_orders,item_sales,units,ordering_customers,returned_orders,refund_amount,payments,aov_sales_backed,order_return_rate,sales_share
42,39,6189,5391,79986665,31241,5821,551,1494541,62582061,14837.073826748285,0.10220738267482841,0.020896543855854082
40,26,6049,5269,79597176,30991,5696,581,1630771,60267864,15106.69500854052,0.11026760296071361,0.020794789720088167
27,28,6112,5301,78882043,30822,5713,573,1554930,61834421,14880.596679871722,0.10809281267685342,0.020607960976856174
7,38,6046,5235,78742997,30581,5684,539,1486538,61565794,15041.642215854823,0.10296084049665712,0.020571635161334534
32,34,6145,5307,78693279,30732,5781,577,1623802,62559689,14828.204070096099,0.10872432636140945,0.02055864631666367
15,38,5983,5208,78386804,30411,5640,510,1374124,60418813,15051.22964669739,0.097926267281106,0.020478579617067897
50,39,6046,5233,78166625,30426,5675,520,1492609,60597991,14937.249187846359,0.09936938658513281,0.02042105777727575
36,29,6043,5226,77934484,30500,5710,550,1517938,61214662,14912.836586299272,0.10524301569077689,0.020360410860852347
34,29,6007,5196,77930960,30326,5629,571,1585417,60438924,14998.260200153965,0.10989222478829869,0.02035949021463528
6,10,6139,5358,77925743,30903,5783,543,1403915,60781549,14543.811683463979,0.1013437849944009,0.02035812727158351
5,7,6026,5245,77806382,30389,5684,588,1588295,60074429,14834.391229742612,0.11210676835081029,0.02032694416911038
11,33,6025,5186,77665817,30363,5687,573,1536731,60467878,14976.05418434246,0.1104897801774007,0.020290221514314134
3,27,6066,5203,77380929,30115,5709,549,1440279,60578388,14872.367672496637,0.10551604843359601,0.020215794425923757
43,5,5987,5157,77290789,29984,5642,588,1576025,61077674,14987.548768663952,0.1140197789412449,0.020192245319792544
20,16,6109,5291,77240069,30372,5745,579,1543718,61270004,14598.38763938764,0.10943110943110942,0.020178994702275625
47,35,6077,5216,77227152,30310,5725,571,1528326,61601037,14805.819018404907,0.10947085889570553,0.020175620131564546
19,37,6143,5284,77198300,30391,5761,558,1578027,61258461,14609.822104466313,0.10560181680545042,0.02016808253660007
49,31,5912,5131,77106385,30046,5571,538,1464309,59856828,15027.555057493666,0.10485285519391932,0.020144069711105834
26,32,6060,5259,77097511,30165,5701,562,1477156,61595425,14660.108575774862,0.10686442289408633,0.020141751375541066
35,38,6013,5206,77081711,30015,5671,591,1530275,60266171,14806.321744141374,0.11352285824049174,0.020137623620084297
41,6,6016,5226,76906135,30039,5670,568,1606162,60281841,14716.0610409491,0.10868733256792958,0.02009175432944647
30,13,6066,5271,76902495,30532,5695,581,1598073,61227548,14589.735344336937,0.1102257636122178,0.020090803378189342
33,29,6058,5155,76725451,29949,5731,570,1577318,61727542,14883.695635305528,0.11057225994180407,0.02004455057204452
17,11,5919,5090,76485840,30069,5599,557,1482849,59490516,15026.687622789785,0.10943025540275049,0.019981952115541237
13,6,5994,5174,76461256,30196,5661,593,1624595,60504773,14777.977580208735,0.1146115191341322,0.01997552953705078
21,34,6070,5229,76450112,30079,5734,555,1560562,61516705,14620.407726142666,0.10613884107860011,0.019972618163202033
39,6,6052,5218,76302390,30118,5662,546,1558397,60211041,14622.91874281334,0.10463779225756994,0.019934025739684006
45,38,5987,5136,76276766,29726,5637,563,1543685,60219481,14851.395249221183,0.1096183800623053,0.01992733146083437
8,38,5916,5131,76246686,29707,5574,561,1610647,59970678,14860.005067238355,0.10933541220035081,0.01991947305044579
25,34,5988,5147,76090497,29707,5638,526,1427773,60013822,14783.465513891588,0.10219545366232757,0.019878668620253555
2,24,5985,5149,76059629,30087,5617,529,1423921,59939099,14771.728296756652,0.10273839580501068,0.019870604344592827
16,5,6001,5171,76057481,29622,5653,566,1531139,60789694,14708.466640881841,0.1094565847998453,0.01987004317885098
22,5,5939,5137,75991211,29525,5580,546,1584245,59811180,14792.916293556551,0.10628771656608915,0.019852730118463634
38,11,5974,5122,75922585,29749,5602,521,1394366,59652343,14822.83971105037,0.10171807887543928,0.01983480155226261
44,15,6014,5200,75912951,29773,5662,591,1567950,60894465,14598.644423076923,0.11365384615384615,0.01983228466643536
14,17,5954,5142,75813846,29659,5600,527,1388071,60494671,14744.038506417737,0.10248930377285104,0.01980639345095795
48,22,5841,5103,75639639,29905,5501,564,1509275,57946269,14822.582598471487,0.11052322163433274,0.01976088181204293
12,7,5945,5120,75610062,29733,5573,556,1490908,59898327,14767.590234375,0.10859375,0.019753154810578065
24,5,5958,5176,75458451,29768,5635,560,1534677,59944975,14578.526081916538,0.10819165378670788,0.019713546384466915
31,9,5864,5123,75319089,29815,5549,554,1507920,58297496,14702.14503220769,0.10813976185828617,0.01967713801383614
1,6,6030,5154,75306314,29817,5682,540,1479597,59802876,14611.236709351959,0.10477299185098952,0.0196738005406741
18,30,5968,5160,75147368,29749,5627,539,1495301,60503001,14563.443410852713,0.10445736434108527,0.019632275843279697
37,9,5938,5127,75096027,29516,5622,541,1486320,59374652,14647.167349327092,0.1055197971523308,0.019618862989298307
10,19,5959,5138,75062885,29584,5607,555,1537808,60027533,14609.358699883223,0.10801868431296224,0.019610204630352214
23,31,5915,5087,74945825,29352,5607,525,1395503,59435796,14732.814035777472,0.10320424611755455,0.019579622664923774
9,19,5945,5106,74608292,29421,5633,537,1496430,59820237,14611.886408147278,0.10517038777908343,0.01949144205210165
46,16,5951,5151,74573497,29495,5601,543,1475144,58971824,14477.479518540089,0.10541642399534071,0.01948235184633467
29,29,5868,5091,74053472,29221,5553,577,1588475,59273318,14545.95796503634,0.1133372618346101,0.019346495135486173
4,14,5821,5026,73498548,28772,5518,570,1618839,59004720,14623.66653402308,0.11341026661360923,0.019201521048834783
28,15,5887,5071,73479515,28750,5578,519,1438624,58726324,14490.142969828436,0.10234667718398738,0.019196548671011445
