month,item_sales,order_headers,sales_backed_orders,aov
2020-01,82204655,6418,5560,14785.009892086331
2020-02,75794816,5996,5199,14578.729755722254
2020-03,82462951,6392,5545,14871.587195671776
2020-04,78006033,6208,5370,14526.26312849162
2020-05,81583526,6390,5534,14742.23455005421
2020-06,77776543,6131,5325,14605.923568075117
2020-07,82868115,6464,5570,14877.578994614003
2020-08,80465611,6377,5526,14561.275968150561
2020-09,77113009,6038,5217,14781.10197431474
2020-10,79518804,6413,5512,14426.488388969521
2020-11,78424148,6145,5288,14830.587745839637
2020-12,83415848,6360,5535,15070.613911472448
2021-01,79751544,6269,5390,14796.204823747681
2021-02,72469043,5719,4949,14643.168923014751
2021-03,82273371,6341,5487,14994.235647895024
2021-04,78000927,6147,5307,14697.743923120406
2021-05,78405406,6204,5422,14460.606049428256
2021-06,79352194,6122,5308,14949.546721929164
2021-07,81020484,6313,5458,14844.353975815317
2021-08,78779679,6233,5337,14761.041596402474
2021-09,78940461,6148,5313,14857.982495765105
2021-10,81023800,6333,5479,14788.063515240008
2021-11,77095645,6143,5259,14659.753755466818
2021-12,82914514,6354,5531,14990.87217501356
2022-01,80379844,6415,5536,14519.48049132948
2022-02,72023974,5671,4918,14644.97234648231
2022-03,81588261,6382,5470,14915.58702010969
2022-04,76423546,6113,5250,14556.865904761904
2022-05,81921889,6398,5541,14784.675870781448
2022-06,78930465,6167,5283,14940.462805224304
2022-07,83043328,6393,5532,15011.447577729574
2022-08,78727963,6204,5342,14737.544552602021
2022-09,79557886,6299,5480,14517.862408759123
2022-10,83292519,6454,5632,14789.154651988636
2022-11,79454766,6237,5346,14862.470258136926
2022-12,82363206,6391,5488,15007.872813411079
2023-01,82175738,6369,5491,14965.532325623748
2023-02,74308511,5769,4968,14957.429750402576
2023-03,80005983,6402,5493,14565.079737848171
2023-04,77292300,6142,5284,14627.611657834974
2023-05,82046872,6450,5543,14801.88922965903
2023-06,78278811,6136,5299,14772.374221551236
2023-07,81222390,6369,5531,14684.937624299404
2023-08,81904810,6344,5510,14864.756805807623
2023-09,78995601,6166,5309,14879.56319457525
2023-10,82382168,6350,5547,14851.661799170723
2023-11,78381250,6182,5349,14653.439895307534
2023-12,80905468,6344,5495,14723.470063694267
2024-01,2477460,195,175,14156.914285714285
