store_id,store_city,order_headers,sales_backed_orders,item_sales,units,ordering_customers,returned_orders,refund_amount,payments,aov_sales_backed,order_return_rate,sales_share
9,Delhi,3127,2671,40093705,15524,3028,282,745045,31423412,15010.746911269187,0.10557843504305503,0.0104744942782172
72,Pune,3100,2698,40082772,15712,2995,288,813513,31015476,14856.47590808006,0.1067457375833951,0.010471638028191324
48,Mumbai,3057,2672,40030373,15620,2962,289,785709,31254568,14981.427020958085,0.10815868263473054,0.010457948771344537
4,Mumbai,3106,2660,39929457,15485,3017,313,829208,31015245,15011.074060150377,0.11766917293233083,0.010431584431491671
67,Pune,3073,2668,39851073,15579,2991,300,869442,30733040,14936.684032983509,0.11244377811094453,0.01041110658442057
55,Mumbai,3080,2648,39849329,15636,2983,300,794328,31059936,15048.840256797583,0.11329305135951662,0.010410650963818255
7,Delhi,3167,2727,39833700,15674,3052,270,712877,32073980,14607.150715071508,0.09900990099009901,0.010406567882170543
54,Mumbai,3062,2651,39830349,15503,2975,286,819357,30946453,15024.650697849867,0.1078838174273859,0.010405692432263225
8,Bangalore,3115,2703,39794678,15499,3016,270,751713,32012973,14722.411394746578,0.09988901220865705,0.010396373371193705
34,Mumbai,3062,2655,39635295,15498,2961,287,809243,30943939,14928.54802259887,0.10809792843691149,0.010354734507398376
15,Pune,3111,2694,39443162,15488,3024,292,782750,31368977,14641.1143281366,0.10838901262063845,0.01030453969479234
2,Pune,2997,2598,39398223,15371,2913,271,775119,30269106,15164.827944572748,0.10431100846805234,0.010292799365521977
92,Pune,3007,2621,39387136,15481,2912,285,805732,29969942,15027.522319725296,0.10873712323540634,0.010289902882942913
74,Pune,3022,2651,39308617,15423,2938,272,746134,30045809,14827.844964164466,0.1026027913994719,0.01026938976707519
18,Bangalore,3038,2613,39251972,15370,2947,260,708196,29887653,15021.803291236127,0.09950248756218906,0.010254591241261983
77,Delhi,3002,2588,39244855,15326,2902,279,753416,30026678,15164.16344667697,0.10780525502318393,0.01025273192255402
65,Pune,3072,2654,39237602,15356,2971,308,807817,30717937,14784.326299924642,0.11605124340617935,0.010250837073799087
32,Mumbai,3016,2619,39207472,15320,2944,280,782930,30537725,14970.397861779305,0.10691103474608629,0.010242965600893236
38,Mumbai,2958,2567,39166354,15291,2858,279,767648,29211337,15257.636930268796,0.1086871834826646,0.010232223509192513
69,Delhi,3061,2595,39154951,15248,2974,264,713490,30438927,15088.61310211946,0.10173410404624278,0.010229244471504313
81,Delhi,3065,2634,39154060,15363,2975,275,723228,30791895,14864.867122247531,0.1044039483675019,0.010229011697446593
84,Mumbai,3012,2649,39150045,15576,2923,308,852205,30333280,14779.178935447339,0.1162702906757267,0.010227962777309953
75,Mumbai,3084,2644,39110594,15316,2981,267,744980,31313227,14792.206505295007,0.10098335854765507,0.010217656189934953
64,Bangalore,3032,2640,39096208,15155,2926,285,795483,30733800,14809.169696969697,0.10795454545454546,0.01021389784246653
49,Pune,3066,2650,39003067,15073,2967,269,733212,30784314,14718.138490566038,0.10150943396226415,0.010189564724048878
42,Mumbai,3026,2649,38989239,15375,2935,274,816939,30592953,14718.474518686297,0.10343525858814646,0.010185952154273169
99,Bangalore,3014,2640,38963804,15121,2922,300,837172,30041993,14759.016666666666,0.11363636363636363,0.010179307251738807
97,Mumbai,3008,2598,38950128,15128,2920,290,772384,30426561,14992.35103926097,0.11162432640492687,0.010175734392015594
94,Pune,3065,2649,38907606,15344,2974,307,861834,31368416,14687.65798414496,0.11589278973197432,0.010164625504829978
41,Pune,3035,2637,38831882,15164,2936,278,759044,29603796,14725.780053090633,0.10542282897231703,0.01014484258367755
23,Pune,2990,2602,38781701,15132,2911,283,787649,30309583,14904.573789392774,0.10876249039200615,0.010131732780096783
79,Bangalore,3056,2649,38775298,15205,2966,300,854735,30430961,14637.711589278973,0.11325028312570781,0.01013005999413541
26,Pune,2969,2558,38771429,15141,2873,286,782508,29980406,15156.930805316653,0.11180609851446442,0.010129049216549193
28,Mumbai,3010,2601,38658232,15250,2933,284,738519,30282976,14862.834294502114,0.10918877354863514,0.010099476461204897
16,Pune,3056,2658,38645845,15342,2978,271,778342,30879688,14539.445071482318,0.1019563581640331,0.01009624035317686
39,Pune,2999,2631,38642228,15226,2916,238,605795,30765368,14687.277841125047,0.09045990117825922,0.010095295410677675
68,Mumbai,3005,2604,38619013,15101,2918,284,792665,30269320,14830.650153609831,0.10906298003072197,0.010089230483910023
20,Mumbai,3023,2593,38601385,14992,2945,300,804885,30625631,14886.766293868106,0.11569610489780177,0.010084625162821926
3,Delhi,3027,2604,38560059,15135,2951,267,758262,30484955,14808.010368663594,0.10253456221198157,0.010073828731049367
11,Delhi,3025,2590,38520855,15198,2929,280,760252,30442240,14872.916988416988,0.10810810810810811,0.010063586672509674
36,Delhi,2998,2609,38512427,15136,2914,280,749683,29980817,14761.37485626677,0.10732081257186661,0.010061384854598936
40,Bangalore,3040,2612,38489676,15029,2949,290,827301,30648742,14735.71056661562,0.1110260336906585,0.010055441147991534
73,Bangalore,3078,2627,38467718,14996,2990,300,828407,31671191,14643.212028930338,0.11419870574800152,0.010049704612908007
78,Pune,3045,2634,38458253,14997,2956,282,749890,30757990,14600.703492786637,0.1070615034168565,0.010047231878389126
71,Delhi,2997,2574,38453801,15172,2895,262,733223,29891297,14939.316627816628,0.10178710178710179,0.01004606879185156
61,Pune,3047,2645,38426431,15192,2949,307,862398,30776909,14527.95122873346,0.11606805293005672,0.010038918369898918
95,Mumbai,3019,2622,38419802,15176,2921,278,743815,30847436,14652.86117467582,0.10602593440122045,0.010037186541359492
85,Mumbai,2998,2606,38413148,15104,2916,258,651063,30621826,14740.271680736761,0.09900230237912509,0.010035448181561433
45,Delhi,2990,2589,38311577,14945,2904,270,759880,30383201,14797.828118964851,0.10428736964078796,0.010008912722732351
17,Delhi,3025,2613,38285540,15043,2927,326,904394,30661448,14651.947952544968,0.12476081132797551,0.010002110547490081
43,Pune,2948,2557,38273395,15029,2857,285,789170,29693889,14968.085647242862,0.1114587407117716,0.00999893766204562
100,Delhi,3035,2638,38253683,15091,2937,277,724911,29902203,14501.017058377558,0.1050037907505686,0.009993787895237784
13,Bangalore,2992,2607,38239274,14891,2888,293,805034,30051778,14667.922516302264,0.11238971998465669,0.009990023539011418
62,Bangalore,2979,2610,38233128,14921,2898,288,808652,29614648,14648.708045977011,0.1103448275862069,0.009988417894388804
19,Mumbai,3013,2593,38219198,14974,2922,285,750025,30545398,14739.374469726186,0.10991129965291169,0.009984778677077867
82,Mumbai,3028,2594,38183164,14922,2930,252,701043,30648967,14719.801079414032,0.09714726291441789,0.00997536478213298
70,Delhi,2951,2528,38162184,14746,2860,283,804808,29680144,15095.800632911392,0.11194620253164557,0.00996988374988722
51,Bangalore,3029,2583,38147015,15015,2958,284,783240,29844817,14768.492063492064,0.10994967092528068,0.009965920843398377
46,Delhi,3005,2587,38129689,15014,2923,259,677959,30176536,14738.959798994974,0.10011596443757248,0.00996139441991458
93,Delhi,2986,2578,38123951,14981,2903,263,719094,29820099,14788.188906128782,0.10201706749418153,0.009959895365432877
27,Bangalore,3041,2635,38121372,14969,2951,278,727441,30769179,14467.31385199241,0.10550284629981024,0.009959221600792179
37,Mumbai,2962,2550,38111355,14827,2862,255,649534,29727353,14945.629411764707,0.1,0.009956604656082658
86,Mumbai,2971,2558,38092105,14763,2898,296,814741,29638568,14891.362392494137,0.11571540265832682,0.009951575586934379
6,Mumbai,2921,2527,38089266,14751,2820,272,688461,29216371,15072.918876137714,0.1076375148397309,0.009950833897203887
22,Mumbai,3000,2595,38040145,14902,2914,285,746677,30167249,14659.015414258189,0.10982658959537572,0.009938001018989208
47,Pune,2965,2530,37936817,14889,2877,287,796266,29514341,14994.789328063242,0.11343873517786561,0.00991100654330332
80,Bangalore,2954,2548,37913286,14876,2879,268,782026,29235592,14879.625588697018,0.10518053375196232,0.009904859061426534
90,Mumbai,2982,2579,37906209,14944,2903,275,765235,29647653,14698.025979061651,0.10663047692904226,0.009903010192732384
57,Mumbai,2951,2555,37871708,14752,2871,260,701897,29797389,14822.586301369864,0.10176125244618395,0.009893996794566942
98,Mumbai,2986,2581,37854618,14934,2893,272,742587,29836716,14666.647810925997,0.1053855094924448,0.009889532026164653
44,Delhi,3017,2593,37787984,14849,2914,254,734662,30213016,14573.075202468184,0.09795603548013884,0.009872123870651592
52,Mumbai,2926,2530,37668941,14764,2844,255,691901,29666718,14888.909486166009,0.1007905138339921,0.009841023845788293
58,Bangalore,2948,2545,37637609,14916,2866,290,802793,29228241,14788.844400785854,0.11394891944990176,0.009832838349967314
29,Bangalore,2999,2570,37577133,14633,2888,292,802812,30466649,14621.45252918288,0.11361867704280156,0.009817038974081012
21,Delhi,2911,2542,37518155,14747,2831,258,698855,29618924,14759.305664830841,0.10149488591660111,0.009801630951212068
35,Bangalore,2961,2534,37489284,14842,2865,273,774453,30066769,14794.508287292818,0.10773480662983426,0.009794088392491032
56,Delhi,2947,2545,37487584,14808,2871,262,708088,29603625,14729.895481335952,0.10294695481335953,0.009793644266903911
96,Pune,2971,2550,37464060,14769,2873,302,806599,30210147,14691.788235294118,0.11843137254901961,0.009787498613779543
53,Pune,2918,2502,37443950,14642,2829,239,654088,29041151,14965.607513988809,0.09552358113509192,0.00978224486933425
1,Pune,2961,2566,37430666,14586,2867,279,796111,30137829,14587.165237724084,0.10872954014029618,0.00977877441974642
30,Pune,2956,2564,37387966,14749,2866,273,741971,30030993,14581.890015600624,0.10647425897035881,0.00976761902999933
25,Delhi,2978,2548,37386005,14628,2904,312,873780,29846671,14672.686420722135,0.12244897959183673,0.009767106718072068
63,Delhi,2921,2541,37384704,14744,2850,280,774745,30001014,14712.595041322315,0.11019283746556474,0.009766766831372748
76,Delhi,2922,2552,37364277,14725,2837,271,731131,29381718,14641.174373040752,0.10619122257053291,0.009761430270567974
89,Mumbai,3010,2591,37308630,14721,2915,265,695255,30436828,14399.316866074874,0.10227711308375145,0.009746892472599442
91,Pune,2928,2541,37262647,14661,2851,251,692895,29214701,14664.560015741834,0.09878000787091697,0.009734879397968518
59,Bangalore,2900,2515,37155245,14637,2813,265,721742,29102610,14773.457256461232,0.10536779324055666,0.009706820588375614
5,Mumbai,2973,2568,37150218,14719,2903,289,770201,30322363,14466.595794392524,0.11253894080996885,0.009705507282889462
33,Pune,2982,2533,37138808,14534,2901,283,751354,30528777,14661.984998026057,0.1117252270035531,0.009702526416448847
12,Pune,2964,2583,37036537,14674,2887,242,647566,29878799,14338.57413859853,0.09368950832365466,0.00967580808237801
24,Pune,2959,2550,37001966,14367,2879,301,829898,29544220,14510.574901960785,0.11803921568627451,0.009666776396688392
60,Bangalore,2846,2455,36986121,14233,2772,253,673846,28194468,15065.629735234215,0.10305498981670061,0.009662636884966084
10,Bangalore,2978,2547,36983109,14778,2916,252,687008,30039947,14520.262661955241,0.0989399293286219,0.009661849998925843
14,Mumbai,2903,2523,36700521,14414,2824,272,747160,29048614,14546.381688466112,0.10780816488307571,0.009588023786329804
83,Bangalore,2919,2521,36506086,14274,2824,235,599873,28966605,14480.79571598572,0.09321697738992463,0.009537227575428738
31,Bangalore,2878,2483,36394222,14333,2797,250,692190,28970450,14657.358840112767,0.10068465565847765,0.009508003066794814
50,Pune,2911,2516,36190883,14251,2839,249,676100,29269992,14384.293720190779,0.09896661367249603,0.009454880682818616
87,Mumbai,2920,2491,36176421,14318,2829,280,712970,29426013,14522.850662384584,0.11240465676435167,0.009451102480323947
66,Mumbai,2899,2506,36061822,14228,2824,287,784884,29089315,14390.19233838787,0.11452513966480447,0.009421163451995448
88,Bangalore,2958,2531,36060894,14252,2864,287,764754,29349420,14247.68629000395,0.11339391544843935,0.00942092101167495
