table,column,dtype,rows,missing,distinct,minimum,maximum
categories,category_id,int64,30,0,30,1,30
categories,category_name,str,30,0,30,Cat_1,Cat_9
customers,customer_id,int64,50000,0,50000,1,50000
customers,city,str,50000,0,4,Bangalore,Pune
customers,signup_date,str,50000,0,1827,2019-01-01,2024-01-01
employees,employee_id,int64,1000,0,1000,1,1000
employees,store_id,int64,1000,0,100,1,100
employees,salary,int64,1000,0,992,20046,79949
order_items,order_item_id,int64,600000,0,600000,1,600000
order_items,order_id,int64,600000,0,259233,1,300000
order_items,product_id,int64,600000,0,10000,1,10000
order_items,qty,int64,600000,0,4,1,4
order_items,price,int64,600000,0,4900,100,4999
orders,order_id,int64,300000,0,300000,1,300000
orders,customer_id,int64,300000,0,49886,1,50000
orders,store_id,int64,300000,0,100,1,100
orders,order_date,str,300000,0,1462,2020-01-01,2024-01-01
orders,promotion_id,int64,300000,0,50,1,50
payments,payment_id,int64,300000,0,300000,1,300000
payments,order_id,int64,300000,0,300000,1,300000
payments,amount,int64,300000,0,19900,100,19999
products,product_id,int64,10000,0,10000,1,10000
products,category_id,int64,10000,0,30,1,30
products,supplier_id,int64,10000,0,200,1,200
products,price,int64,10000,0,4268,100,4999
promotions,promotion_id,int64,50,0,50,1,50
promotions,discount,int64,50,0,27,5,39
returns,return_id,int64,30000,0,30000,1,30000
returns,order_item_id,int64,30000,0,29251,17,599973
returns,refund,int64,30000,0,4937,50,4999
shipments,shipment_id,int64,300000,0,300000,1,300000
shipments,order_id,int64,300000,0,300000,1,300000
shipments,status,str,300000,0,3,delivered,shipped
stores,store_id,int64,100,0,100,1,100
stores,city,str,100,0,4,Bangalore,Pune
suppliers,supplier_id,int64,200,0,200,1,200
suppliers,country,str,200,0,3,China,USA
