file,rows,bytes,sha256
data/categories.csv,30,308,144c7b6f68a0a2bd719ac0b3c785c5ad0f629bbb576c0a4c051534959e67d96d
data/customers.csv,50000,1188794,99dfce792cc0640734a959a0d667d1db99e7d3ba21faa428e81fda42dc187186
data/employees.csv,1000,12837,65f9327d151ee85fe9a2ce051c13fceb2e87850f44b95bf9b3e8dba79d701265
data/order_items.csv,600000,15089776,de113d719bd5ce69a83ea30873ed72479e1878f224b00ee790d178b6c607b638
data/orders.csv,300000,8744243,97b2e660336604147029115242e76495fcd1cf4759983b620822f5b24551595f
data/payments.csv,300000,5615313,3fae988aa7698881da1051da5a8c66e508aad78a6d0c91d20c307c9e6a89748c
data/products.csv,10000,158657,469a6ca445e03f263456e4c5cdc1be3f551fd1e0a5f1dc69ef3348600d15477e
data/promotions.csv,50,301,428710299c76550085264c02b4cc2704315313aaa0b409ec4b03941c097b3351
data/returns.csv,30000,517411,dce4005bd98cb7045bb0bcc98468d9e5a8ee1dc2a7d609e4c2ae427a08964270
data/shipments.csv,300000,6277977,4b7c5f2a0a684bf6a7a6c7e1278ca6a57ea9fe03264307aa2409088281b0bc2c
data/stores.csv,100,994,1adef4535123f9a930d832bac65e706a14417de5520f46e784eb35645d4bccee
data/suppliers.csv,200,1762,11ca226aeabafa41ed0fa4b342286720e0187a520e37bf4dfbfe21d957d488e9
